{"cameraMode":{"drawMode":0,"name":"Shaded","section":"Shading Mode"},"sceneLighting":true,"audioPlay":false,"sceneViewState":{"m_AlwaysRefresh":false,"showFog":true,"showSkybox":true,"showFlares":true,"showImageEffects":true,"showParticleSystems":true,"showVisualEffectGraphs":true,"m_FxEnabled":true},"in2DMode":false,"pivot":{"x":51.14296340942383,"y":-48.582828521728519,"z":65.40740203857422},"rotation":{"x":0.24762855470180512,"y":-0.6174994111061096,"z":0.21381063759326936,"w":0.7152584791183472},"size":51.359100341796878,"orthographic":false}