{"cameraMode":{"drawMode":0,"name":"Shaded","section":"Shading Mode"},"sceneLighting":true,"audioPlay":false,"sceneViewState":{"m_AlwaysRefresh":false,"showFog":true,"showSkybox":true,"showFlares":true,"showImageEffects":true,"showParticleSystems":true,"showVisualEffectGraphs":true,"m_FxEnabled":true},"in2DMode":false,"pivot":{"x":51.14296340942383,"y":-48.582828521728519,"z":65.40740203857422},"rotation":{"x":-0.010371760465204716,"y":-0.5378153324127197,"z":0.006628732196986675,"w":-0.8429463505744934},"size":26.87166976928711,"orthographic":false}