{"cameraMode":{"drawMode":0,"name":"Shaded","section":"Shading Mode"},"sceneLighting":true,"audioPlay":false,"sceneViewState":{"m_AlwaysRefresh":false,"showFog":true,"showSkybox":true,"showFlares":true,"showImageEffects":true,"showParticleSystems":true,"showVisualEffectGraphs":true,"m_FxEnabled":true},"in2DMode":false,"pivot":{"x":4.000023365020752,"y":1.1631619930267335,"z":-0.000012636184692382813},"rotation":{"x":0.029040278866887094,"y":-0.9392737150192261,"z":0.0822192057967186,"w":0.33184614777565},"size":2.0338540077209474,"orthographic":false}