{"cameraMode":{"drawMode":0,"name":"Shaded","section":"Shading Mode"},"sceneLighting":false,"audioPlay":false,"sceneViewState":{"m_AlwaysRefresh":false,"showFog":true,"showSkybox":false,"showFlares":true,"showImageEffects":true,"showParticleSystems":true,"showVisualEffectGraphs":true,"m_FxEnabled":true},"in2DMode":false,"pivot":{"x":-0.0112457275390625,"y":3.0716805458068849,"z":-0.1305530071258545},"rotation":{"x":0.006174882873892784,"y":0.8208621740341187,"z":-0.008872284553945065,"w":0.5710334181785584},"size":59.01970291137695,"orthographic":false}